Workbook

Sheet Dashboard
A1: FORTIFY HEALTH -- COMPLIANCE COMMAND CENTRE
A3: Wheat Flour Fortification Programme -- Automated Email & Monitoring System
B5: =COUNTA(Mill_Compliance_Data!A:A)-1 -> 12 | E5: =COUNTIF(Mill_Compliance_Data!G:G,"HIGH") -> 5 | H5: =COUNTIF(Mill_Compliance_Data!G:G,"MEDIUM") -> 4 | K5: =COUNTIF(Mill_Compliance_Data!G:G,"LOW") -> 3
B6: Total Mills | E6: HIGH Tier | H6: MEDIUM Tier | K6: LOW Tier
B8: =COUNTIF(Mill_Compliance_Data!K:K,"<40") -> 10 | E8: =COUNTIF(Mill_Compliance_Data!N:N,"DRAFTED*") -> 0 | H8: =COUNTIF(Mill_Compliance_Data!N:N,"SENT*") -> 0 | K8: =COUNTIF(Mill_Compliance_Data!N:N,"DATA ERROR*") -> 0
B9: Below FSSAI Std | E9: Emails Drafted | H9: Emails Sent | K9: Data Errors
B11: COMPLIANCE BY STATE
B12: State | C12: Mills | D12: Avg M1% | E12: Avg Lab ppm | F12: HIGH Count | G12: Trend
B13: Maharashtra | C13: =COUNTIF(Mill_Compliance_Data!D:D,B13) -> 2 | D13: =IFERROR(AVERAGEIF(Mill_Compliance_Data!D:D,B13,Mill_Compliance_Data!H:H),"-") -> 38.5 | E13: =IFERROR(AVERAGEIF(Mill_Compliance_Data!D:D,B13,Mill_Compliance_Data!K:K),"-") -> 25 | F13: =COUNTIFS(Mill_Compliance_Data!D:D,B13,Mill_Compliance_Data!G:G,"HIGH") -> 2 | G13: =IFERROR(IF(AVERAGEIF(Mill_Compliance_Data!D:D,B13,Mill_Compliance_Data!H:H)>AVERAGEIF(Mill_Compliance_Data!D:D,B13,Mill_Compliance_Data!I:I),"Improving","Declining"),"-") -> Declining
B14: Rajasthan | C14: =COUNTIF(Mill_Compliance_Data!D:D,B14) -> 2 | D14: =IFERROR(AVERAGEIF(Mill_Compliance_Data!D:D,B14,Mill_Compliance_Data!H:H),"-") -> 79.5 | E14: =IFERROR(AVERAGEIF(Mill_Compliance_Data!D:D,B14,Mill_Compliance_Data!K:K),"-") -> 38 | F14: =COUNTIFS(Mill_Compliance_Data!D:D,B14,Mill_Compliance_Data!G:G,"HIGH") -> 0 | G14: =IFERROR(IF(AVERAGEIF(Mill_Compliance_Data!D:D,B14,Mill_Compliance_Data!H:H)>AVERAGEIF(Mill_Compliance_Data!D:D,B14,Mill_Compliance_Data!I:I),"Improving","Declining"),"-") -> Declining
B15: Gujarat | C15: =COUNTIF(Mill_Compliance_Data!D:D,B15) -> 2 | D15: =IFERROR(AVERAGEIF(Mill_Compliance_Data!D:D,B15,Mill_Compliance_Data!H:H),"-") -> 85 | E15: =IFERROR(AVERAGEIF(Mill_Compliance_Data!D:D,B15,Mill_Compliance_Data!K:K),"-") -> 39 | F15: =COUNTIFS(Mill_Compliance_Data!D:D,B15,Mill_Compliance_Data!G:G,"HIGH") -> 0 | G15: =IFERROR(IF(AVERAGEIF(Mill_Compliance_Data!D:D,B15,Mill_Compliance_Data!H:H)>AVERAGEIF(Mill_Compliance_Data!D:D,B15,Mill_Compliance_Data!I:I),"Improving","Declining"),"-") -> Improving
B16: Madhya Pradesh | C16: =COUNTIF(Mill_Compliance_Data!D:D,B16) -> 1 | D16: =IFERROR(AVERAGEIF(Mill_Compliance_Data!D:D,B16,Mill_Compliance_Data!H:H),"-") -> 38 | E16: =IFERROR(AVERAGEIF(Mill_Compliance_Data!D:D,B16,Mill_Compliance_Data!K:K),"-") -> 24 | F16: =COUNTIFS(Mill_Compliance_Data!D:D,B16,Mill_Compliance_Data!G:G,"HIGH") -> 1 | G16: =IFERROR(IF(AVERAGEIF(Mill_Compliance_Data!D:D,B16,Mill_Compliance_Data!H:H)>AVERAGEIF(Mill_Compliance_Data!D:D,B16,Mill_Compliance_Data!I:I),"Improving","Declining"),"-") -> Declining
B17: Karnataka | C17: =COUNTIF(Mill_Compliance_Data!D:D,B17) -> 1 | D17: =IFERROR(AVERAGEIF(Mill_Compliance_Data!D:D,B17,Mill_Compliance_Data!H:H),"-") -> 71 | E17: =IFERROR(AVERAGEIF(Mill_Compliance_Data!D:D,B17,Mill_Compliance_Data!K:K),"-") -> 37 | F17: =COUNTIFS(Mill_Compliance_Data!D:D,B17,Mill_Compliance_Data!G:G,"HIGH") -> 0 | G17: =IFERROR(IF(AVERAGEIF(Mill_Compliance_Data!D:D,B17,Mill_Compliance_Data!H:H)>AVERAGEIF(Mill_Compliance_Data!D:D,B17,Mill_Compliance_Data!I:I),"Improving","Declining"),"-") -> Improving
B18: Uttar Pradesh | C18: =COUNTIF(Mill_Compliance_Data!D:D,B18) -> 2 | D18: =IFERROR(AVERAGEIF(Mill_Compliance_Data!D:D,B18,Mill_Compliance_Data!H:H),"-") -> 64 | E18: =IFERROR(AVERAGEIF(Mill_Compliance_Data!D:D,B18,Mill_Compliance_Data!K:K),"-") -> 32.5 | F18: =COUNTIFS(Mill_Compliance_Data!D:D,B18,Mill_Compliance_Data!G:G,"HIGH") -> 1 | G18: =IFERROR(IF(AVERAGEIF(Mill_Compliance_Data!D:D,B18,Mill_Compliance_Data!H:H)>AVERAGEIF(Mill_Compliance_Data!D:D,B18,Mill_Compliance_Data!I:I),"Improving","Declining"),"-") -> Declining
B19: Tamil Nadu | C19: =COUNTIF(Mill_Compliance_Data!D:D,B19) -> 1 | D19: =IFERROR(AVERAGEIF(Mill_Compliance_Data!D:D,B19,Mill_Compliance_Data!H:H),"-") -> 45 | E19: =IFERROR(AVERAGEIF(Mill_Compliance_Data!D:D,B19,Mill_Compliance_Data!K:K),"-") -> 30 | F19: =COUNTIFS(Mill_Compliance_Data!D:D,B19,Mill_Compliance_Data!G:G,"HIGH") -> 1 | G19: =IFERROR(IF(AVERAGEIF(Mill_Compliance_Data!D:D,B19,Mill_Compliance_Data!H:H)>AVERAGEIF(Mill_Compliance_Data!D:D,B19,Mill_Compliance_Data!I:I),"Improving","Declining"),"-") -> Declining
B20: West Bengal | C20: =COUNTIF(Mill_Compliance_Data!D:D,B20) -> 1 | D20: =IFERROR(AVERAGEIF(Mill_Compliance_Data!D:D,B20,Mill_Compliance_Data!H:H),"-") -> 63 | E20: =IFERROR(AVERAGEIF(Mill_Compliance_Data!D:D,B20,Mill_Compliance_Data!K:K),"-") -> 33 | F20: =COUNTIFS(Mill_Compliance_Data!D:D,B20,Mill_Compliance_Data!G:G,"HIGH") -> 0 | G20: =IFERROR(IF(AVERAGEIF(Mill_Compliance_Data!D:D,B20,Mill_Compliance_Data!H:H)>AVERAGEIF(Mill_Compliance_Data!D:D,B20,Mill_Compliance_Data!I:I),"Improving","Declining"),"-") -> Declining
B22: QUICK ACTIONS -- Use the Fortify Health menu above
B23: Action | C23: How | D23: Description
B24: Draft Emails | C24: Menu > Fortify Health > Draft compliance emails | E24: Creates Gmail drafts for flagged mills
B25: Auto-Send | C25: Menu > Fortify Health > Auto-send compliance emails | E25: Sends immediately (no draft review)
B26: Send Drafts | C26: Menu > Fortify Health > Send all pending drafts | E26: Sends all reviewed drafts in one batch
B27: Set Schedule | C27: Menu > Fortify Health > Schedule Triggers > ... | E27: Custom date/time or preset triggers
B28: Reset Flags | C28: Menu > Fortify Health > Data Tools > Reset all flags | E28: Sets all flags back to REVIEW
B29: Reset Checkpoint | C29: Menu > Fortify Health > Reset batch checkpoint | E29: Clears progress; next run starts fresh

Sheet Mill_Compliance_Data
A1: Mill ID | B1: Mill Name | C1: Owner Name | D1: State | E1: District | F1: Reporting Month | G1: Risk Tier | H1: M1 Compliance pct | I1: M2 Compliance pct | J1: M3 Compliance pct | K1: Lab Result ppm Iron | L1: Lab Variance pct | M1: Production Volume MT | N1: Email Flag | O1: Premix Used kg | P1: Expected Premix kg | Q1: Premix Deviation pct | R1: Days Since Audit | S1: Drift Label | T1: Follow-up Due
A2: FH-MH-001 | B2: Shree Ganesh Flour Mill | C2: Rajesh Patil | D2: Maharashtra | E2: Pune | F2: March 2026 | G2: HIGH | H2: 42 | I2: 55 | J2: 61 | K2: 28 | L2: -30% | M2: 850 | O2: 102 | P2: 127.5 | Q2: -20% | R2: 145 | S2: Declining
A3: FH-RJ-012 | B3: Rajasthan Agro Industries | C3: Suresh Sharma | D3: Rajasthan | E3: Jaipur | F3: March 2026 | G3: MEDIUM | H3: 68 | I3: 72 | J3: 65 | K3: 35 | L3: -12.5% | M3: 620 | O3: 88 | P3: 93 | Q3: -5.4% | R3: 60 | S3: Inconsistent
A4: FH-GJ-044 | B4: Gujarat Premium Foods | C4: Amit Shah | D4: Gujarat | E4: Ahmedabad | F4: March 2026 | G4: LOW | H4: 96 | I4: 94 | J4: 93 | K4: 42 | L4: +5% | M4: 1200 | O4: 181 | P4: 180 | Q4: +0.6% | R4: 30 | S4: Stable
A5: FH-MP-023 | B5: Madhya Bharat Mills | C5: Vikram Singh | D5: Madhya Pradesh | E5: Bhopal | F5: March 2026 | G5: HIGH | H5: 38 | I5: 48 | J5: 52 | K5: 24 | L5: -40% | M5: 740 | O5: 78 | P5: 111 | Q5: -29.7% | R5: 180 | S5: Declining
A6: FH-KA-015 | B6: Karnataka Flour Corp | C6: Prasad Rao | D6: Karnataka | E6: Bengaluru | F6: March 2026 | G6: MEDIUM | H6: 71 | I6: 69 | J6: 74 | K6: 37 | L6: -7.5% | M6: 550 | O6: 78.4 | P6: 82.5 | Q6: -5% | R6: 45 | S6: Inconsistent
A7: FH-UP-033 | B7: Uttar Pradesh Grains Ltd | C7: Manoj Kumar | D7: Uttar Pradesh | E7: Lucknow | F7: March 2026 | G7: LOW | H7: 88 | I7: 85 | J7: 87 | K7: 39 | L7: -2.5% | M7: 980 | O7: 146.5 | P7: 147 | Q7: -0.3% | R7: 22 | S7: Stable
A8: FH-TN-007 | B8: Tamil Nadu Roller Mills | C8: Krishnan Iyer | D8: Tamil Nadu | E8: Chennai | F8: March 2026 | G8: HIGH | H8: 45 | I8: 51 | J8: 58 | K8: 30 | L8: -25% | M8: 670 | O8: 80 | P8: 100.5 | Q8: -20.4% | R8: 110 | S8: Declining
A9: FH-WB-019 | B9: Bengal Flour Industries | C9: Debashis Roy | D9: West Bengal | E9: Kolkata | F9: March 2026 | G9: MEDIUM | H9: 63 | I9: 67 | J9: 60 | K9: 33 | L9: -17.5% | M9: 480 | O9: 64.8 | P9: 72 | Q9: -10% | R9: 55 | S9: Inconsistent
A10: FH-MH-056 | B10: Pune Agri Mills | C10: Sachin Joshi | D10: Maharashtra | E10: Pune | F10: March 2026 | G10: HIGH | H10: 35 | I10: 42 | J10: 50 | K10: 22 | L10: -45% | M10: 920 | O10: 110 | P10: 138 | Q10: -20.3% | R10: 200 | S10: Declining
A11: FH-RJ-029 | B11: Jodhpur Flour Works | C11: Ramesh Meena | D11: Rajasthan | E11: Jodhpur | F11: March 2026 | G11: LOW | H11: 91 | I11: 89 | J11: 90 | K11: 41 | L11: +2.5% | M11: 770 | O11: 115.2 | P11: 115.5 | Q11: -0.3% | R11: 18 | S11: Stable
A12: FH-GJ-018 | B12: Surat Grain Processors | C12: Nilesh Patel | D12: Gujarat | E12: Surat | F12: March 2026 | G12: MEDIUM | H12: 74 | I12: 70 | J12: 76 | K12: 36 | L12: -10% | M12: 830 | O12: 118.5 | P12: 124.5 | Q12: -4.8% | R12: 40 | S12: Inconsistent
A13: FH-UP-041 | B13: Kanpur Flour Industries | C13: Anil Gupta | D13: Uttar Pradesh | E13: Kanpur | F13: March 2026 | G13: HIGH | H13: 40 | I13: 46 | J13: 55 | K13: 26 | L13: -35% | M13: 1050 | O13: 126 | P13: 157.5 | Q13: -20% | R13: 165 | S13: Declining

Sheet Mill_Contacts
A1: Mill ID | B1: Contact Name | C1: Email | D1: Phone | E1: Role | F1: Preferred Language
A2: FH-MH-001 | B2: Rajesh Patil | C2: dkv26@tsukuyome.in | D2: +91-9876543210 | E2: Owner | F2: Marathi
A3: FH-RJ-012 | B3: Suresh Sharma | C3: dkv26@tsukuyome.in | D3: +91-9876543211 | E3: Quality Manager | F3: Hindi
A4: FH-GJ-044 | B4: Amit Shah | C4: dkv26@tsukuyome.in | D4: +91-9876543212 | E4: Owner | F4: Gujarati
A5: FH-MP-023 | B5: Vikram Singh | C5: dkv26@tsukuyome.in | D5: +91-9876543213 | E5: Plant Manager | F5: Hindi
A6: FH-KA-015 | B6: Prasad Rao | C6: dkv26@tsukuyome.in | D6: +91-9876543214 | E6: Owner | F6: Kannada
A7: FH-UP-033 | B7: Manoj Kumar | C7: dkv26@tsukuyome.in | D7: +91-9876543215 | E7: Quality Manager | F7: Hindi
A8: FH-TN-007 | B8: Krishnan Iyer | C8: dkv26@tsukuyome.in | D8: +91-9876543216 | E8: Owner | F8: Tamil
A9: FH-WB-019 | B9: Debashis Roy | C9: dkv26@tsukuyome.in | D9: +91-9876543217 | E9: Plant Manager | F9: Bengali
A10: FH-MH-056 | B10: Sachin Joshi | C10: dkv26@tsukuyome.in | D10: +91-9876543218 | E10: Owner | F10: Marathi
A11: FH-RJ-029 | B11: Ramesh Meena | C11: dkv26@tsukuyome.in | D11: +91-9876543219 | E11: Owner | F11: Hindi
A12: FH-GJ-018 | B12: Nilesh Patel | C12: dkv26@tsukuyome.in | D12: +91-9876543220 | E12: Quality Manager | F12: Gujarati
A13: FH-UP-041 | B13: Anil Gupta | C13: dkv26@tsukuyome.in | D13: +91-9876543221 | E13: Plant Manager | F13: Hindi

Sheet Field_Managers
A1: State | B1: Manager Name | C1: Email | D1: Phone | E1: Region
A2: Maharashtra | B2: Priya Sharma | C2: dkv26@tsukuyome.in | D2: +91-9800000001 | E2: West
A3: Rajasthan | B3: Amit Patel | C3: dkv26@tsukuyome.in | D3: +91-9800000002 | E3: North-West
A4: Gujarat | B4: Ravi Kumar | C4: dkv26@tsukuyome.in | D4: +91-9800000003 | E4: West
A5: Madhya Pradesh | B5: Sunita Verma | C5: dkv26@tsukuyome.in | D5: +91-9800000004 | E5: Central
A6: Karnataka | B6: Deepak Nair | C6: dkv26@tsukuyome.in | D6: +91-9800000005 | E6: South
A7: Uttar Pradesh | B7: Kavita Mishra | C7: dkv26@tsukuyome.in | D7: +91-9800000006 | E7: North
A8: Tamil Nadu | B8: Arun Subramanian | C8: dkv26@tsukuyome.in | D8: +91-9800000007 | E8: South
A9: West Bengal | B9: Ananya Das | C9: dkv26@tsukuyome.in | D9: +91-9800000008 | E9: East

Sheet Send_Schedule
A1: Schedule Name | B1: Target Tier | C1: Frequency | D1: Day/Date | E1: Time (IST) | F1: Next Run | G1: Mode | H1: Active | I1: Function Name
A2: Weekly HIGH Review | B2: HIGH | C2: Weekly | D2: Monday | E2: 09:00 | F2: Next Monday 09:00 | G2: Draft | H2: YES | I2: triggerHighTier
A3: Bi-weekly MEDIUM | B3: MEDIUM | C3: Weekly | D3: Wednesday | E3: 14:00 | F3: Next Wednesday 14:00 | G3: Draft | H3: YES | I3: triggerMediumTier
A4: Monthly LOW Auto-Send | B4: LOW | C4: Monthly | D4: 1st | E4: 10:00 | F4: 01/05/2026 10:00 | G4: Auto-Send | H4: YES | I4: triggerAutoSendLowTier
A5: Escalation Alerts | B5: ALL | C5: Weekly | D5: Friday | E5: 17:00 | F5: Next Friday 17:00 | G5: Alert Only | H5: YES | I5: checkEscalations
A6: Weekly Digest | B6: ALL | C6: Weekly | D6: Friday | E6: 18:00 | F6: Next Friday 18:00 | G6: Digest | H6: YES | I6: sendWeeklyDigest

Sheet Draft_Log
A1: Timestamp | B1: Mill ID | C1: Mill Name | D1: Risk Tier | E1: Email Type | F1: Subject (preview) | G1: Field Manager | H1: Contact Email | I1: Follow-up Due | J1: Drift Trend | K1: Status | L1: Notes

Sheet System_Settings
A1: SYSTEM SETTINGS
A2: Edit values in column B. The Apps Script reads these at runtime.
A3: Setting | B3: Value | C3: Description | D3: Valid Range
A4: GMAIL_DAILY_LIMIT | B4: 1400 | C4: Conservative daily email limit | D4: 100-1500
A5: BATCH_SIZE | B5: 20 | C5: Mills processed per batch run | D5: 5-100
A6: FSSAI_PPM_STD | B6: 40 | C6: FSSAI iron standard (ppm) | D6: 20-60
A7: AUTO_SEND | B7: FALSE | C7: TRUE = send immediately, FALSE = create drafts | D7: TRUE / FALSE
A8: CC_MANAGER | B8: TRUE | C8: CC field manager on emails | D8: TRUE / FALSE
A9: ADMIN_BCC | B9: FALSE | C9: BCC programme admin on all emails | D9: TRUE / FALSE
A10: PREMIX_RATIO | B10: 0.15 | C10: Expected premix-to-production ratio | D10: 0.05-0.30
A11: MAX_RETRIES | B11: 3 | C11: Retry count for transient Gmail errors | D11: 1-5
A12: SEND_JITTER_MS | B12: 1500 | C12: Random delay between sends (ms) | D12: 0-5000
A13: ADMIN_EMAIL | B13: admin@fortifyhealth.in | C13: Programme admin email | D13: Valid email
A14: HIGH_FOLLOWUP_DAYS | B14: 3 | C14: Follow-up deadline for HIGH tier | D14: 1-14
A15: MEDIUM_FOLLOWUP_DAYS | B15: 7 | C15: Follow-up deadline for MEDIUM tier | D15: 3-30
A16: LOW_FOLLOWUP_DAYS | B16: 30 | C16: Follow-up deadline for LOW tier | D16: 14-90
